OBJECT_NAME,OBJECT_ID,EPOCH,MEAN_MOTION,ECCENTRICITY,INCLINATION,RA_OF_ASC_NODE,ARG_OF_PERICENTER,MEAN_ANOMALY,EPHEMERIS_TYPE,CLASSIFICATION_TYPE,NORAD_CAT_ID,ELEMENT_SET_NO,REV_AT_EPOCH,BSTAR,MEAN_MOTION_DOT,MEAN_MOTION_DDOT
COSMOS 2558,2022-089A,2022-08-29T16:42:47.460096,15.41468960,.0011896,97.2354,339.6122,164.9166,195.2438,0,U,53323,999,429,.2693E-3,.11224E-3,0
SL-4 R/B,2022-089B,2022-08-29T12:30:30.363264,15.74471543,.0096466,97.2538,340.8544,325.2983,34.2011,0,U,53324,999,435,.32782E-3,.63293E-3,.33527E-5
2022-090A,2022-090A,2022-08-29T10:46:24.000096,15.20871329,.0008125,97.4694,314.1105,159.1416,27.8983,0,U,53346,999,385,-.13751E-3,-.3106E-4,0
2022-090B,2022-090B,2022-08-29T13:07:26.741856,15.23759302,.0013022,97.4711,314.2552,182.9056,293.6708,0,U,53347,999,386,.18668E-3,.4426E-4,0
2022-090C,2022-090C,2022-08-29T13:04:39.715104,15.23885436,.0012145,97.4700,314.2522,186.0769,286.2101,0,U,53348,999,386,.26048E-3,.6228E-4,0
CZ-4B R/B,2022-090D,2022-08-29T12:17:55.755168,15.60980133,.0150853,97.5138,315.8380,296.1453,62.4357,0,U,53349,999,396,.25435E-3,.371E-3,.26399E-5
SBIRS GEO-6 (USA 336),2022-092A,2022-08-29T12:34:24.900384,1.00260266,.0002135,6.5577,312.3683,334.2429,94.8657,0,U,53355,999,32,0,.116E-5,0
ATLAS 5 CENTAUR R/B,2022-092B,2022-08-29T05:50:26.888064,1.99524756,.5658671,16.4281,310.4225,182.1432,173.5825,0,U,53356,999,49,0,-.35E-6,0
PRC TEST SPACECRAFT2,2022-093A,2022-08-29T20:31:40.620864,15.30897529,.0177919,49.9955,38.5155,250.8892,263.5830,0,U,53357,999,386,.26213E-4,.782E-5,0
CZ-2F R/B,2022-093B,2022-08-29T11:47:51.738720,15.32647841,.0179128,49.9915,40.2215,251.0921,107.0544,0,U,53358,999,380,.15298E-3,.7729E-4,0
CZ-2F DEB,2022-093C,2022-08-29T10:36:46.310688,15.25735291,.0228163,50.3071,42.6232,265.5499,91.9365,0,U,53359,999,378,.14768E-2,.83274E-3,0
CZ-2F DEB,2022-093D,2022-08-29T12:16:27.202080,15.21219471,.024006,50.3308,43.1095,259.4972,97.8859,0,U,53360,999,377,.17102E-2,.87317E-3,0
CZ-2F DEB,2022-093E,2022-08-29T11:59:15.775296,14.97425804,.0333052,49.7537,46.4521,248.0693,108.4538,0,U,53361,999,372,.18511E-2,.71426E-3,0
CZ-2F DEB,2022-093F,2022-08-29T13:16:11.149248,14.94200395,.0346326,49.8071,46.8479,244.8257,111.6396,0,U,53362,999,372,.1844E-2,.69103E-3,0
CZ-2F DEB,2022-093G,2022-08-29T12:02:35.938176,15.53101556,.0158919,50.0269,38.4869,265.2751,204.8123,0,U,53363,999,383,.74428E-2,.897662E-2,0
CZ-2F DEB,2022-093H,2022-08-29T07:05:07.585152,15.00048160,.0110506,50.0291,47.1773,297.3880,61.5874,0,U,53364,999,369,.36361E-4,.211E-5,0
DANURI (KPLO),2022-094A,2022-08-04T23:16:44.399712,16.09976711,.00033,29.5000,147.2458,140.4700,307.5200,0,U,53365,999,0,0,.1843E-4,-.58274E-5
2022-095A,2022-095A,2022-08-29T10:43:27.153984,15.24451528,.0078895,97.4095,315.1542,7.2564,53.4015,0,U,53367,999,309,.14898E-3,.3914E-4,0
2022-095B,2022-095B,2022-08-29T12:30:48.218688,15.24659214,.0079032,97.4092,315.2337,6.2949,118.2165,0,U,53368,999,309,.15016E-3,.3973E-4,0
2022-095C,2022-095C,2022-08-29T12:28:51.059424,15.24725992,.007877,97.4093,315.2352,5.8978,118.6813,0,U,53369,999,309,.96574E-4,.2529E-4,0
2022-096A,2022-096A,2022-08-29T13:06:18.078912,15.24293109,.0001877,97.4348,142.8533,87.3511,34.7764,0,U,53370,999,310,.68867E-4,.1611E-4,0
2022-096B,2022-096B,2022-08-29T12:58:43.029120,15.24481365,.0003283,97.4358,142.8546,96.8791,7.9262,0,U,53371,999,310,.11379E-3,.2724E-4,0
2022-096C,2022-096C,2022-08-29T13:03:09.353664,15.24490738,.0003223,97.4360,142.8566,96.8850,25.6464,0,U,53372,999,308,.11155E-3,.2669E-4,0
RS29S (SXC3-2110 CYCLOPS),2022-096D,2022-08-29T13:01:16.078944,15.24626481,.0003629,97.4359,142.8586,98.6430,24.1860,0,U,53373,999,308,.16539E-3,.4009E-4,0
RS32S (SXC3-212 MONITOR-1),2022-096E,2022-08-29T11:06:45.970848,15.24733006,.0003733,97.4349,142.7824,94.8428,319.4701,0,U,53374,999,307,.16833E-3,.4095E-4,0
RS34S (SXC3-218 KUZBASS-300),2022-096F,2022-08-29T11:15:24.801120,15.24733027,.0003621,97.4346,142.7899,91.1721,357.1090,0,U,53375,999,307,.15141E-3,.3676E-4,0
RS23S (SXC3-21 UTMN),2022-096G,2022-08-29T15:58:14.193120,15.24775099,.0003761,97.4354,142.9848,88.5990,359.7778,0,U,53376,999,310,.14922E-3,.3626E-4,0
RS28S (SXC3-214 MIET-AIS),2022-096H,2022-08-29T09:46:06.936672,15.24797769,.0003667,97.4356,142.7290,91.2638,21.5632,0,U,53377,999,306,.14447E-3,.3511E-4,0
RS26S (KAI-1),2022-096J,2022-08-29T11:12:58.807584,15.24822862,.0003665,97.4352,142.7908,86.8357,359.4513,0,U,53378,999,307,.1263E-3,.3063E-4,0
2022-096K,2022-096K,2022-08-29T15:50:50.790912,15.25122738,.000488,97.4350,142.9918,43.4687,43.7353,0,U,53379,999,310,.11786E-3,.2879E-4,0
2022-096L,2022-096L,2022-08-29T15:50:39.967584,15.25133336,.0004982,97.4349,142.9920,42.1823,45.0404,0,U,53380,999,310,.11934E-3,.2918E-4,0
RS19S (SXC3-219 ISOI),2022-096M,2022-08-29T11:11:50.720928,15.25238621,.0005375,97.4350,142.8037,40.3914,70.9375,0,U,53381,999,307,.15002E-3,.3698E-4,0
RS8S (SXC3-2111 RESHUCUBE),2022-096N,2022-08-29T15:49:01.399872,15.25237827,.0005267,97.4351,142.9946,41.2148,46.6402,0,U,53382,999,310,.1335E-3,.3283E-4,0
RS21S (CUBESX-HSE-2),2022-096P,2022-08-29T09:36:12.298176,15.25297343,.0005499,97.4351,142.7385,40.3140,71.0378,0,U,53383,999,306,.13756E-3,.3391E-4,0
RS30S (SXC3-217 SIREN),2022-096Q,2022-08-29T15:47:50.304768,15.25317313,.0005432,97.4353,142.9955,40.2732,48.8831,0,U,53384,999,310,.1302E-3,.3208E-4,0
RS20S (GEOSCAN-EDELVEIS),2022-096R,2022-08-29T09:32:49.112160,15.25492938,.0005989,97.4346,142.7414,38.1977,73.0016,0,U,53385,999,309,.17529E-3,.4367E-4,0
RS33S (SXC3-215 VIZARD),2022-096S,2022-08-29T12:40:58.252800,15.25738591,.0006786,97.4339,142.8772,37.1500,87.2202,0,U,53386,999,310,.20917E-3,.5266E-4,0
2022-095D,2022-095D,2022-08-29T13:40:56.620128,15.25695637,.0084109,97.4074,315.3038,1.9289,109.3472,0,U,53387,999,311,.87943E-4,.2398E-4,0
STARLINK-4522,2022-097A,2022-08-29T14:00:01.000224,15.68211496,.0000969,53.2173,152.1190,85.4778,323.5574,0,U,53388,999,130,-.1084E-1,-.1102933E-1,0
STARLINK-4523,2022-097B,2022-08-29T14:00:01.000224,15.68226115,.0000974,53.2173,152.1229,84.0744,326.2580,0,U,53389,999,130,-.10834E-1,-.1102985E-1,0
STARLINK-4517,2022-097C,2022-08-29T16:00:00.999936,15.67876195,.000134,53.2173,151.7136,67.7724,92.6884,0,U,53390,999,349,-.90129E-2,-.922102E-2,0
STARLINK-4521,2022-097D,2022-08-29T14:00:01.000224,15.68233457,.0000963,53.2173,152.1254,95.5174,315.4634,0,U,53391,999,130,-.10831E-1,-.1103007E-1,0
STARLINK-4535,2022-097E,2022-08-29T14:00:01.000224,15.68248090,.0000973,53.2174,152.1307,85.4153,326.8622,0,U,53392,999,130,-.10824E-1,-.110297E-1,0
STARLINK-4530,2022-097F,2022-08-29T16:00:00.999936,15.68069667,.000123,53.2175,151.7204,75.0026,87.3181,0,U,53393,999,349,-.11296E-1,-.1157356E-1,0
STARLINK-4544,2022-097G,2022-08-29T16:00:00.999936,15.78103223,.0007291,53.2180,151.3056,275.0886,100.8140,0,U,53394,999,349,-.57174E-2,-.900034E-2,0
STARLINK-4534,2022-097H,2022-08-29T16:00:00.999936,15.68090429,.0001152,53.2174,151.7239,72.5334,91.0874,0,U,53395,999,349,-.11399E-1,-.1167782E-1,0
STARLINK-4524,2022-097J,2022-08-29T16:00:00.999936,15.67947467,.0001222,53.2175,151.7333,73.8751,92.4350,0,U,53396,999,349,-.90282E-2,-.925969E-2,0
STARLINK-4515,2022-097K,2022-08-29T16:00:00.999936,15.68095328,.0001215,53.2175,151.7262,66.5369,97.7353,0,U,53397,999,349,-.11359E-1,-.1164309E-1,0
STARLINK-4512,2022-097L,2022-08-29T14:00:01.000224,15.68299291,.0000972,53.2174,152.1464,89.1859,327.6277,0,U,53398,999,130,-.10802E-1,-.1103052E-1,0
STARLINK-4528,2022-097M,2022-08-29T16:00:00.999936,15.67813849,.000124,53.2175,151.7308,73.7336,91.9937,0,U,53399,999,349,-.73297E-2,-.750977E-2,0
STARLINK-4520,2022-097N,2022-08-29T16:00:00.999936,15.68137215,.0001449,53.2175,151.7439,58.9671,109.8587,0,U,53400,999,349,-.11161E-1,-.114779E-1,0
STARLINK-4525,2022-097P,2022-08-29T16:00:00.999936,15.68164257,.0001121,53.2178,151.7346,71.1497,95.7042,0,U,53401,999,349,-.11901E-1,-.1217449E-1,0
STARLINK-4499,2022-097Q,2022-08-29T14:00:01.000224,15.68321514,.0000972,53.2174,152.1568,96.7339,322.0223,0,U,53402,999,130,-.10792E-1,-.1103045E-1,0
STARLINK-4507,2022-097R,2022-08-29T16:00:00.999936,15.68163540,.0001257,53.2177,151.7378,70.5373,97.6236,0,U,53403,999,349,-.11668E-1,-.1195959E-1,0
STARLINK-4509,2022-097S,2022-08-29T16:00:00.999936,15.73168515,.0001017,53.2190,151.6851,86.0454,104.8342,0,U,53404,999,349,.60262E-3,.84695E-3,0
STARLINK-4510,2022-097T,2022-08-29T16:00:00.999936,15.68138044,.0001274,53.2177,151.7482,69.2813,100.8539,0,U,53405,999,349,-.11013E-1,-.1133943E-1,0
STARLINK-4533,2022-097U,2022-08-29T16:00:00.999936,15.73166478,.0001182,53.2193,151.6782,86.4294,108.0394,0,U,53406,999,349,.59233E-3,.83216E-3,0
STARLINK-4537,2022-097V,2022-08-29T16:00:00.999936,15.73232189,.0001048,53.2199,151.6883,84.4098,105.8341,0,U,53407,999,349,.74142E-4,.9812E-4,0
STARLINK-4491,2022-097W,2022-08-29T16:00:00.999936,15.73167004,.0001339,53.2199,151.6839,78.1990,114.4700,0,U,53408,999,349,.60655E-3,.85252E-3,0
STARLINK-4490,2022-097X,2022-08-29T16:00:00.999936,15.73217603,.0001106,53.2190,151.6832,86.2921,105.1838,0,U,53409,999,349,-.15451E-3,-.22262E-3,0
STARLINK-4492,2022-097Y,2022-08-29T14:00:01.000224,15.73183278,.0001107,53.2193,152.0929,84.0813,356.9375,0,U,53410,999,130,.50247E-3,.7044E-3,0
STARLINK-4497,2022-097Z,2022-08-29T14:00:01.000224,15.73182938,.0000984,53.2200,152.0978,97.5980,342.1916,0,U,53411,999,130,.23373E-4,.266E-4,0
STARLINK-4496,2022-097AA,2022-08-29T16:00:00.999936,15.73239139,.0001364,53.2197,151.6788,90.4206,104.5993,0,U,53412,999,349,-.11086E-3,-.16175E-3,0
STARLINK-4500,2022-097AB,2022-08-29T14:00:01.000224,15.73117325,.0001162,53.2197,152.0931,85.0342,356.5856,0,U,53413,999,130,.531E-3,.74299E-3,0
STARLINK-4304,2022-097AC,2022-08-29T14:00:01.000224,15.73125642,.0001195,53.2195,152.0895,93.0211,350.3309,0,U,53414,999,130,.41226E-3,.5745E-3,0
STARLINK-4479,2022-097AD,2022-08-29T16:00:00.999936,15.73188102,.0000964,53.2199,151.6763,75.3216,120.8859,0,U,53415,999,349,.58635E-3,.82438E-3,0
STARLINK-4480,2022-097AE,2022-08-29T16:00:00.999936,15.73190533,.000124,53.2204,151.6690,85.4518,112.5408,0,U,53416,999,349,-.15861E-3,-.2281E-3,0
STARLINK-4484,2022-097AF,2022-08-29T16:00:00.999936,15.73162107,.0001093,53.2196,151.6747,83.0310,113.7339,0,U,53417,999,349,.60704E-3,.85303E-3,0
STARLINK-4481,2022-097AG,2022-08-29T14:00:01.000224,15.73115187,.0000966,53.2198,151.9774,93.2798,44.4784,0,U,53418,999,130,.55983E-3,.78397E-3,0
STARLINK-4476,2022-097AH,2022-08-29T16:00:00.999936,15.73167175,.0001085,53.2194,151.6725,80.0978,117.3520,0,U,53419,999,349,.62847E-3,.88389E-3,0
STARLINK-4552,2022-097AJ,2022-08-29T14:00:01.000224,15.73174042,.0001131,53.2199,152.0807,96.9114,351.2501,0,U,53420,999,130,.53428E-3,.7495E-3,0
STARLINK-4545,2022-097AK,2022-08-29T14:00:01.000224,15.73189351,.0001108,53.2197,152.0831,90.4764,355.9162,0,U,53421,999,130,.5012E-3,.70278E-3,0
STARLINK-4546,2022-097AL,2022-08-29T16:00:00.999936,15.73168861,.0001087,53.2195,151.6646,85.3078,116.3093,0,U,53422,999,349,.5821E-3,.81762E-3,0
STARLINK-4539,2022-097AM,2022-08-29T14:00:01.000224,15.73113784,.0001226,53.2200,152.0834,84.2922,2.6961,0,U,53423,999,130,.31387E-3,.43495E-3,0
STARLINK-4532,2022-097AN,2022-08-29T14:00:01.000224,15.73213998,.000095,53.2196,152.0754,95.1319,355.4213,0,U,53424,999,130,.11574E-3,.15663E-3,0
STARLINK-4531,2022-097AP,2022-08-29T16:00:00.999936,15.73159343,.000128,53.2196,151.6656,92.8889,108.1309,0,U,53425,999,349,.61961E-3,.87091E-3,0
STARLINK-4558,2022-097AQ,2022-08-29T16:00:00.999936,15.73208487,.0000961,53.2195,151.6616,92.0574,111.2958,0,U,53426,999,349,.40485E-3,.56602E-3,0
STARLINK-4541,2022-097AR,2022-08-29T16:00:00.999936,15.73170823,.0001088,53.2202,151.6627,92.4692,109.7280,0,U,53427,999,349,.62594E-3,.8804E-3,0
STARLINK-4540,2022-097AS,2022-08-29T14:00:01.000224,15.73236221,.0000919,53.2193,152.0696,88.9010,4.0340,0,U,53428,999,130,-.24166E-3,-.34447E-3,0
STARLINK-4543,2022-097AT,2022-08-29T16:00:00.999936,15.73222519,.0000953,53.2193,151.6577,104.0526,100.5447,0,U,53429,999,349,-.14598E-3,-.21074E-3,0
STARLINK-4538,2022-097AU,2022-08-29T14:00:01.000224,15.73177769,.0000856,53.2204,152.0697,89.8674,3.6682,0,U,53430,999,130,.56634E-3,.79541E-3,0
STARLINK-4548,2022-097AV,2022-08-29T16:00:00.999936,15.73216641,.0001221,53.2195,151.6600,80.6510,123.3163,0,U,53431,999,349,.52216E-4,.6719E-4,0
STARLINK-4557,2022-097AW,2022-08-29T16:00:00.999936,15.73247260,.0001172,53.2183,151.6490,85.7631,121.8246,0,U,53432,999,349,-.20778E-2,-.283191E-2,0
STARLINK-4549,2022-097AX,2022-08-29T16:00:00.999936,15.73170738,.0000901,53.2193,151.6548,84.7330,121.6477,0,U,53433,999,349,.57425E-3,.80647E-3,0
STARLINK-4498,2022-097AY,2022-08-29T16:00:00.999936,15.73171992,.0000895,53.2193,151.6506,87.5927,121.1698,0,U,53434,999,349,.53801E-3,.75475E-3,0
STARLINK-4542,2022-097AZ,2022-08-29T16:00:00.999936,15.73161319,.0000711,53.2199,151.6551,98.4639,108.4353,0,U,53435,999,349,.59483E-3,.83554E-3,0
STARLINK-4527,2022-097BA,2022-08-29T14:00:01.000224,15.73162587,.0000556,53.2193,152.0620,71.6778,25.3743,0,U,53436,999,130,.56209E-3,.78882E-3,0
STARLINK-4526,2022-097BC,2022-08-29T16:00:00.999936,15.73131093,.0001258,53.2194,151.6484,91.6167,118.3083,0,U,53438,999,349,.60346E-3,.84678E-3,0
STARLINK-4519,2022-097BD,2022-08-29T14:00:01.000224,15.73154521,.0000574,53.2196,152.0598,99.3245,358.9230,0,U,53439,999,130,.54816E-3,.76866E-3,0
FALCON 9 DEB,2022-097BE,2022-08-29T07:13:51.519936,16.28180840,.0023774,53.2183,149.6102,130.1661,230.1470,0,U,53440,999,312,.63382E-3,.2725452E-1,.11992E-4
FALCON 9 DEB,2022-097BF,2022-08-29T14:30:46.926720,16.29049941,.0021189,53.2091,147.9306,127.9084,232.3880,0,U,53441,999,317,.62517E-3,.2868098E-1,.12019E-4
FALCON 9 DEB,2022-097BG,2022-08-29T14:05:21.485472,16.32378042,.0016749,53.2162,147.8098,129.0052,231.2488,0,U,53442,999,317,.55791E-3,.3459683E-1,.12103E-4
FALCON 9 DEB,2022-097BH,2022-08-29T13:52:04.636416,16.36705632,.0012462,53.2165,147.7380,128.4741,231.7426,0,U,53443,999,317,.53966E-3,.5201279E-1,.12188E-4
2022-098A,2022-098A,2022-08-29T13:38:21.865632,15.08813587,.0011367,97.5311,337.5525,182.7699,301.9928,0,U,53444,999,292,.10818E-3,.1641E-4,0
2022-098B,2022-098B,2022-08-29T13:26:47.561280,15.09455034,.0009408,97.5338,337.5712,193.6965,291.7664,0,U,53445,999,290,.13029E-3,.2024E-4,0
2022-098C,2022-098C,2022-08-29T13:36:19.988064,15.08926618,.0011617,97.5356,337.5666,186.6297,298.2981,0,U,53446,999,290,.11297E-3,.1721E-4,0
2022-098D,2022-098D,2022-08-29T13:33:51.636672,15.09072158,.0010906,97.5267,337.5453,188.0215,297.6332,0,U,53447,999,290,.11776E-3,.1804E-4,0
2022-098E,2022-098E,2022-08-29T13:30:41.827104,15.09255765,.0011444,97.5340,337.5681,194.2110,292.2584,0,U,53448,999,290,.1223E-3,.1886E-4,0
2022-098F,2022-098F,2022-08-29T13:28:56.210016,15.09345156,.0011055,97.5293,337.5549,195.3281,290.6492,0,U,53449,999,290,.12628E-3,.1954E-4,0
2022-098G,2022-098G,2022-08-29T13:25:08.036256,15.09547187,.0008423,97.5340,337.5726,193.6287,291.9921,0,U,53450,999,290,.13058E-3,.2033E-4,0
2022-098H,2022-098H,2022-08-29T13:23:42.745632,15.09625389,.000907,97.5385,337.5862,197.7955,287.9060,0,U,53451,999,290,.1303E-3,.2033E-4,0
2022-098J,2022-098J,2022-08-29T13:22:00.347808,15.09719797,.0009122,97.5289,337.5613,199.6368,286.0857,0,U,53452,999,290,.13529E-3,.2119E-4,0
2022-098K,2022-098K,2022-08-29T13:20:31.937280,15.09801783,.0009723,97.5338,337.5762,203.0896,282.7771,0,U,53453,999,290,.13643E-3,.2143E-4,0
2022-098L,2022-098L,2022-08-29T13:17:07.141632,15.10017019,.0011556,97.5288,337.5646,210.2202,275.8739,0,U,53454,999,290,.20414E-3,.3259E-4,0
2022-098M,2022-098M,2022-08-29T13:16:47.841600,15.10034897,.0011442,97.5306,337.5706,211.5475,274.5734,0,U,53455,999,290,.20287E-3,.324E-4,0
2022-098N,2022-098N,2022-08-29T13:16:03.940896,15.10074692,.0011144,97.5275,337.5613,211.6333,274.4754,0,U,53456,999,290,.20283E-3,.3243E-4,0
2022-098P,2022-098P,2022-08-29T13:13:05.453184,15.10240497,.0010495,97.5285,337.5658,213.7397,272.6437,0,U,53457,999,290,.20148E-3,.3235E-4,0
2022-098Q,2022-098Q,2022-08-29T13:13:51.893184,15.10165068,.0010833,97.5322,337.5772,214.4490,271.7471,0,U,53458,999,290,.95698E-5,.93E-6,0
2022-098R,2022-098R,2022-08-29T13:12:07.997184,15.10291153,.0010274,97.5301,337.5741,215.0521,271.2450,0,U,53459,999,290,.20338E-3,.327E-4,0
HSU-SAT1,1998-067UB,2022-08-29T12:57:22.416192,15.51737912,.0006154,51.6419,333.0369,198.7386,161.3378,0,U,53462,999,267,.4256E-3,.25471E-3,0
FUTABA,1998-067UC,2022-08-29T12:55:33.849408,15.51919682,.0006054,51.6419,333.0287,200.1819,159.8933,0,U,53463,999,267,.49422E-3,.29866E-3,0
TUMNANOSAT,1998-067UD,2022-08-29T11:20:58.677504,15.52096494,.000605,51.6417,333.3398,201.2395,158.8344,0,U,53464,999,266,.54588E-3,.33264E-3,0
STARLINK-4415,2022-099A,2022-08-29T16:00:00.999936,15.69304727,.0001855,97.6557,0.4658,61.4190,16.9882,0,U,53465,999,288,-.11601E-1,-.1216969E-1,0
STARLINK-4398,2022-099B,2022-08-29T16:00:00.999936,15.65560462,.0001818,97.6560,0.4681,64.8936,359.1110,0,U,53466,999,288,-.14112E-1,-.1265357E-1,0
STARLINK-4394,2022-099C,2022-08-29T16:00:00.999936,15.65532130,.0001731,97.6561,0.4681,68.8375,355.8277,0,U,53467,999,288,-.13551E-1,-.1218748E-1,0
STARLINK-4400,2022-099D,2022-08-29T14:00:01.000224,15.65748735,.0001575,97.6556,0.3763,86.8850,229.0478,0,U,53468,999,130,-.13302E-1,-.12079E-1,0
STARLINK-4399,2022-099E,2022-08-29T16:00:00.999936,15.65556380,.0001742,97.6559,0.4683,58.4510,8.1412,0,U,53469,999,288,-.13582E-1,-.1222336E-1,0
STARLINK-4393,2022-099F,2022-08-29T16:00:00.999936,15.65599848,.0001975,97.6561,0.4680,55.3394,10.5844,0,U,53470,999,288,-.14372E-1,-.1288128E-1,0
STARLINK-4316,2022-099G,2022-08-29T16:00:00.999936,15.65574052,.0001853,97.6560,0.4682,56.0371,11.8384,0,U,53471,999,288,-.13623E-1,-.122649E-1,0
STARLINK-4447,2022-099H,2022-08-29T16:00:00.999936,15.65546014,.0001784,97.6560,0.4681,58.1010,9.1426,0,U,53472,999,288,-.13304E-1,-.1199315E-1,0
STARLINK-4383,2022-099J,2022-08-29T16:00:00.999936,15.65594805,.0001794,97.6560,0.4684,56.2621,13.5404,0,U,53473,999,288,-.1359E-1,-.1224706E-1,0
STARLINK-4445,2022-099K,2022-08-29T16:00:00.999936,15.65609134,.0001841,97.6557,0.4674,57.7227,14.6565,0,U,53474,999,288,-.13366E-1,-.1207137E-1,0
STARLINK-4389,2022-099L,2022-08-29T16:00:00.999936,15.65604263,.0001749,97.6559,0.4684,60.6099,9.8347,0,U,53475,999,288,-.13638E-1,-.1229001E-1,0
STARLINK-4378,2022-099M,2022-08-29T16:00:00.999936,15.65579074,.0001617,97.6561,0.4681,69.3254,359.1937,0,U,53476,999,288,-.13586E-1,-.1223609E-1,0
STARLINK-4412,2022-099N,2022-08-29T16:00:00.999936,15.65596997,.0001853,97.6559,0.4682,61.9753,9.7644,0,U,53477,999,288,-.13292E-1,-.1200581E-1,0
STARLINK-4433,2022-099P,2022-08-29T16:00:00.999936,15.65590124,.0001723,97.6559,0.4683,67.2381,1.9217,0,U,53478,999,288,-.13647E-1,-.1229092E-1,0
STARLINK-4436,2022-099Q,2022-08-29T16:00:00.999936,15.65616207,.000187,97.6557,0.4679,56.9451,16.0762,0,U,53479,999,288,-.1336E-1,-.1206969E-1,0
STARLINK-4442,2022-099R,2022-08-29T16:00:00.999936,15.65600919,.0001841,97.6561,0.4682,57.5250,13.5672,0,U,53480,999,288,-.13472E-1,-.1215407E-1,0
STARLINK-4302,2022-099S,2022-08-29T16:00:00.999936,15.65630885,.0001934,97.6557,0.4681,51.7184,22.5864,0,U,53481,999,288,-.13358E-1,-.1207475E-1,0
STARLINK-4360,2022-099T,2022-08-29T16:00:00.999936,15.65622814,.0001997,97.6557,0.4677,47.9263,25.7372,0,U,53482,999,288,-.13349E-1,-.1206416E-1,0
STARLINK-4401,2022-099U,2022-08-29T16:00:00.999936,15.65652142,.0001836,97.6557,0.4680,58.3572,17.8729,0,U,53483,999,288,-.13343E-1,-.1207138E-1,0
STARLINK-4426,2022-099V,2022-08-29T16:00:00.999936,15.65637942,.0001608,97.6556,0.4678,95.0992,339.8472,0,U,53484,999,288,-.13347E-1,-.1206749E-1,0
STARLINK-4430,2022-099W,2022-08-29T16:00:00.999936,15.65666011,.0001985,97.6557,0.4682,48.6970,28.8165,0,U,53485,999,288,-.13329E-1,-.1206665E-1,0
STARLINK-4431,2022-099X,2022-08-29T16:00:00.999936,15.65644808,.00018,97.6557,0.4680,60.7579,14.8306,0,U,53486,999,288,-.13344E-1,-.1206884E-1,0
STARLINK-4432,2022-099Y,2022-08-29T16:00:00.999936,15.65692200,.0001891,97.6557,0.4689,52.4872,26.3026,0,U,53487,999,288,-.13497E-1,-.1221488E-1,0
STARLINK-4421,2022-099Z,2022-08-29T16:00:00.999936,15.65668700,.0001791,97.6558,0.4688,58.7312,18.1351,0,U,53488,999,288,-.13474E-1,-.1218532E-1,0
STARLINK-4392,2022-099AA,2022-08-29T16:00:00.999936,15.65737525,.0001815,97.6558,0.4694,56.1717,23.8859,0,U,53489,999,288,-.13986E-1,-.1263245E-1,0
STARLINK-4387,2022-099AB,2022-08-29T16:00:00.999936,15.65684215,.0001859,97.6559,0.4687,56.9986,21.1501,0,U,53490,999,288,-.13485E-1,-.1220142E-1,0
STARLINK-4450,2022-099AC,2022-08-29T16:00:00.999936,15.65716159,.0001831,97.6560,0.4691,57.5209,23.8364,0,U,53491,999,288,-.13415E-1,-.1215824E-1,0
STARLINK-4451,2022-099AD,2022-08-29T16:00:00.999936,15.65706205,.0001914,97.6559,0.4689,54.7439,24.6845,0,U,53492,999,288,-.13612E-1,-.1231491E-1,0
STARLINK-4361,2022-099AE,2022-08-29T16:00:00.999936,15.65747535,.0001646,97.6558,0.4690,67.5253,15.1044,0,U,53493,999,288,-.13655E-1,-.123672E-1,0
STARLINK-4340,2022-099AF,2022-08-29T16:00:00.999936,15.65723473,.0001923,97.6557,0.4689,52.9520,27.7562,0,U,53494,999,288,-.13632E-1,-.1233894E-1,0
STARLINK-4429,2022-099AG,2022-08-29T16:00:00.999936,15.65782608,.0001798,97.6557,0.4697,61.7321,22.1706,0,U,53495,999,289,-.13997E-1,-.1266185E-1,0
STARLINK-4465,2022-099AH,2022-08-29T16:00:00.999936,15.65769173,.0001719,97.6559,0.4692,69.6231,12.3527,0,U,53496,999,288,-.14132E-1,-.1276475E-1,0
STARLINK-4453,2022-099AJ,2022-08-29T16:00:00.999936,15.65771845,.0001881,97.6557,0.4694,54.5131,30.6831,0,U,53497,999,289,-.13595E-1,-.1233015E-1,0
STARLINK-4439,2022-099AK,2022-08-29T16:00:00.999936,15.65746288,.0001795,97.6558,0.4692,56.2579,27.0181,0,U,53498,999,288,-.13542E-1,-.1227513E-1,0
STARLINK-4454,2022-099AL,2022-08-29T16:00:00.999936,15.65776505,.0001818,97.6558,0.4697,55.9435,29.8945,0,U,53499,999,288,-.13551E-1,-.1229601E-1,0
STARLINK-4455,2022-099AM,2022-08-29T16:00:00.999936,15.65758429,.0001785,97.6559,0.4692,58.6420,25.9166,0,U,53500,999,289,-.135E-1,-.1224617E-1,0
STARLINK-4434,2022-099AN,2022-08-29T16:00:00.999936,15.65804423,.0001868,97.6558,0.4700,54.4262,33.3300,0,U,53501,999,288,-.1364E-1,-.1238139E-1,0
STARLINK-4435,2022-099AP,2022-08-29T16:00:00.999936,15.65785227,.0001783,97.6557,0.4695,62.8149,23.6627,0,U,53502,999,288,-.1357E-1,-.1231526E-1,0
STARLINK-4461,2022-099AQ,2022-08-29T16:00:00.999936,15.65810740,.0001701,97.6557,0.4698,68.6265,19.7703,0,U,53503,999,288,-.13622E-1,-.1236877E-1,0
STARLINK-4448,2022-099AR,2022-08-29T16:00:00.999936,15.65788636,.0001748,97.6558,0.4694,61.4727,25.6473,0,U,53504,999,288,-.13508E-1,-.1226594E-1,0
STARLINK-4446,2022-099AS,2022-08-29T16:00:00.999936,15.65714866,.000169,97.6558,0.4701,65.8567,24.5213,0,U,53505,999,288,-.11822E-1,-.1067476E-1,0
STARLINK-4437,2022-099AT,2022-08-29T16:00:00.999936,15.65860772,.0001916,97.6558,0.4697,62.5901,26.4249,0,U,53506,999,288,-.14269E-1,-.12919E-1,0
STARLINK-4444,2022-099AU,2022-08-29T16:00:00.999936,15.65836052,.0001797,97.6557,0.4700,60.3144,30.6445,0,U,53507,999,288,-.13552E-1,-.1232325E-1,0
STARLINK-4443,2022-099AV,2022-08-29T16:00:00.999936,15.65819136,.0001844,97.6559,0.4698,55.4971,34.1831,0,U,53508,999,288,-.13521E-1,-.1229055E-1,0
STARLINK-4402,2022-099AW,2022-08-29T16:00:00.999936,15.65845952,.0001847,97.6558,0.4701,55.6202,36.6208,0,U,53509,999,288,-.13476E-1,-.1226562E-1,0
STARLINK-4441,2022-099AX,2022-08-29T16:00:00.999936,15.65840284,.000191,97.6558,0.4697,58.5712,33.0292,0,U,53510,999,288,-.13505E-1,-.1228715E-1,0
FALCON 9 DEB,2022-099AY,2022-08-29T09:30:30.479904,15.89569153,.0009816,97.6792,0.5575,220.9676,139.0859,0,U,53511,999,262,.44371E-3,.128949E-2,.83004E-5
FALCON 9 DEB,2022-099AZ,2022-08-29T09:23:49.551072,15.90170422,.0007383,97.6770,0.5586,217.5752,142.5005,0,U,53512,999,262,.47096E-3,.140876E-2,.94968E-5
FALCON 9 DEB,2022-099BA,2022-08-29T13:37:59.744640,15.91616686,.0010481,97.6733,0.7811,200.9773,159.1071,0,U,53513,999,265,.57993E-3,.187433E-2,.15246E-4
FALCON 9 DEB,2022-099BB,2022-08-29T13:33:45.011520,15.91850773,.0009768,97.6717,0.7820,185.2922,174.8249,0,U,53514,999,265,.5549E-3,.18137E-2,.14452E-4
2022-100A,2022-100A,2022-08-29T10:00:30.959136,15.22802582,.0007815,35.0009,146.8483,344.4141,15.6339,0,U,53522,999,148,.24591E-3,.5861E-4,0
2022-100B,2022-100B,2022-08-29T08:22:01.352064,15.23473865,.0008381,35.0016,147.2367,347.4307,12.6199,0,U,53523,999,147,.39544E-3,.9645E-4,0
2022-100C,2022-100C,2022-08-29T05:49:14.718144,15.22840110,.0005955,35.0013,147.9019,342.1977,156.9686,0,U,53524,999,140,.2907E-3,.6942E-4,0
2022-100D,2022-100D,2022-08-29T09:53:25.374336,15.23799574,.0008551,35.0029,146.8111,356.2917,3.7748,0,U,53525,999,143,.33343E-3,.8205E-4,0
2022-100E,2022-100E,2022-08-29T09:58:27.517728,15.22727669,.0005799,35.0029,146.8399,351.9933,8.0683,0,U,53526,999,143,.15953E-3,.3778E-4,0
STARLINK-4511,2022-101A,2022-08-29T14:00:01.000224,15.76555957,.0003241,53.2176,106.2989,4.2877,161.1514,0,U,53527,999,130,-.82878E-2,-.1196304E-1,0
STARLINK-4503,2022-101B,2022-08-29T14:00:01.000224,15.76543204,.0003285,53.2176,106.3010,353.4003,171.5076,0,U,53528,999,130,-.83115E-2,-.1198762E-1,0
STARLINK-4478,2022-101C,2022-08-29T14:00:01.000224,15.76572754,.0003187,53.2176,106.2981,359.8646,166.0963,0,U,53529,999,130,-.82923E-2,-.1197644E-1,0
STARLINK-4482,2022-101D,2022-08-29T14:00:01.000224,15.76608605,.0003232,53.2176,106.2967,356.4278,170.5609,0,U,53530,999,130,-.82884E-2,-.1198878E-1,0
STARLINK-4487,2022-101E,2022-08-29T14:00:01.000224,15.76591290,.0003238,53.2176,106.2971,355.9049,170.5682,0,U,53531,999,130,-.82936E-2,-.1198725E-1,0
STARLINK-4483,2022-101F,2022-08-29T14:00:01.000224,15.76624844,.0003229,53.2176,106.2956,357.3774,170.1304,0,U,53532,999,130,-.82804E-2,-.1198621E-1,0
STARLINK-4493,2022-101G,2022-08-29T14:00:01.000224,15.76641401,.0003429,53.2176,106.2940,354.6146,173.4107,0,U,53533,999,130,-.82737E-2,-.1198678E-1,0
STARLINK-4488,2022-101H,2022-08-29T14:00:01.000224,15.76708907,.0003307,53.2176,106.2901,3.5322,166.5487,0,U,53534,999,130,-.82326E-2,-.1196515E-1,0
STARLINK-4138,2022-101J,2022-08-29T14:00:01.000224,15.76675966,.0003158,53.2176,106.2920,1.2547,167.7957,0,U,53535,999,130,-.82542E-2,-.1197637E-1,0
STARLINK-4053,2022-101K,2022-08-29T14:00:01.000224,15.76743022,.0003067,53.2176,106.2885,1.5407,169.5698,0,U,53536,999,130,-.82292E-2,-.1197545E-1,0
STARLINK-4120,2022-101L,2022-08-29T14:00:01.000224,15.76659833,.0003053,53.2176,106.2933,358.3390,170.1952,0,U,53537,999,130,-.82684E-2,-.1198631E-1,0
STARLINK-4118,2022-101M,2022-08-29T14:00:01.000224,15.76761668,.0003036,53.2176,106.2875,2.6721,168.9429,0,U,53538,999,130,-.82221E-2,-.1197496E-1,0
STARLINK-4123,2022-101N,2022-08-29T14:00:01.000224,15.76691792,.0003008,53.2176,106.2911,6.3718,163.1958,0,U,53539,999,130,-.82399E-2,-.1196452E-1,0
STARLINK-4486,2022-101P,2022-08-29T14:00:01.000224,15.76797769,.0003423,53.2175,106.2854,355.8292,176.8014,0,U,53540,999,130,-.82128E-2,-.1198261E-1,0
STARLINK-4485,2022-101Q,2022-08-29T14:00:01.000224,15.76726490,.0003255,53.2176,106.2891,1.1684,169.4257,0,U,53541,999,130,-.82332E-2,-.1197395E-1,0
STARLINK-4489,2022-101R,2022-08-29T14:00:01.000224,15.76830082,.0003238,53.2175,106.2834,1.8367,171.8231,0,U,53542,999,130,-.81946E-2,-.1197321E-1,0
STARLINK-4297,2022-101S,2022-08-29T14:00:01.000224,15.76778904,.0003242,53.2175,106.2861,0.9799,171.1461,0,U,53543,999,130,-.82145E-2,-.1197465E-1,0
STARLINK-4303,2022-101T,2022-08-29T14:00:01.000224,15.76863961,.0003167,53.2175,106.2814,359.4405,175.2417,0,U,53544,999,130,-.81838E-2,-.1197488E-1,0
STARLINK-4475,2022-101U,2022-08-29T14:00:01.000224,15.76812756,.000323,53.2175,106.2841,357.7143,175.4372,0,U,53545,999,130,-.82054E-2,-.1197891E-1,0
STARLINK-4477,2022-101V,2022-08-29T14:00:01.000224,15.91750153,.0030064,53.2176,105.6863,73.0851,38.3616,0,U,53546,999,130,-.37172E-2,-.1299008E-1,.49097E-3
STARLINK-4474,2022-101W,2022-08-29T14:00:01.000224,15.76846647,.0003286,53.2175,106.2821,357.6917,176.4825,0,U,53547,999,130,-.81926E-2,-.1197882E-1,0
STARLINK-4513,2022-101X,2022-08-29T14:00:01.000224,15.76932333,.0003364,53.2175,106.2775,351.6702,185.0485,0,U,53548,999,130,-.8162E-2,-.1198039E-1,0
STARLINK-4516,2022-101Y,2022-08-29T14:00:01.000224,15.76880049,.0003253,53.2175,106.2801,4.3097,170.8844,0,U,53549,999,130,-.81705E-2,-.1196581E-1,0
STARLINK-4518,2022-101Z,2022-08-29T14:00:01.000224,15.76949165,.0003444,53.2175,106.2765,347.4210,189.8052,0,U,53550,999,130,-.8152E-2,-.1197591E-1,0
STARLINK-4514,2022-101AA,2022-08-29T14:00:01.000224,15.76898034,.0003219,53.2175,106.2791,353.9533,181.7485,0,U,53551,999,130,-.81733E-2,-.119778E-1,0
STARLINK-4495,2022-101AB,2022-08-29T14:00:01.000224,15.77000250,.0003423,53.2175,106.2735,348.4441,190.3044,0,U,53552,999,130,-.8133E-2,-.1197534E-1,0
STARLINK-4501,2022-101AC,2022-08-29T14:00:01.000224,15.76966144,.0003269,53.2175,106.2751,355.1032,182.6316,0,U,53553,999,130,-.81461E-2,-.1197517E-1,0
STARLINK-4506,2022-101AD,2022-08-29T14:00:01.000224,15.77033818,.0003463,53.2175,106.2714,354.1359,185.6278,0,U,53554,999,130,-.81188E-2,-.1197304E-1,0
STARLINK-4504,2022-101AE,2022-08-29T14:00:01.000224,15.76983136,.0003282,53.2175,106.2741,359.1496,179.0920,0,U,53555,999,130,-.81365E-2,-.1197082E-1,0
STARLINK-4505,2022-101AF,2022-08-29T14:00:01.000224,15.77068008,.000332,53.2175,106.2694,357.8989,182.8755,0,U,53556,999,130,-.81058E-2,-.1197139E-1,0
STARLINK-4502,2022-101AG,2022-08-29T14:00:01.000224,15.77016469,.0003617,53.2175,106.2721,346.7377,192.5202,0,U,53557,999,130,-.81231E-2,-.1197142E-1,0
STARLINK-4494,2022-101AH,2022-08-29T14:00:01.000224,15.77100742,.0003347,53.2175,106.2674,357.4183,184.3729,0,U,53558,999,130,-.80939E-2,-.1197158E-1,0
STARLINK-4508,2022-101AJ,2022-08-29T14:00:01.000224,15.77050284,.000341,53.2175,106.2701,353.1739,187.0979,0,U,53559,999,130,-.81111E-2,-.1197047E-1,0
STARLINK-4564,2022-101AK,2022-08-29T14:00:01.000224,15.77134910,.0003629,53.2175,106.2654,347.9723,194.8243,0,U,53560,999,130,-.80776E-2,-.1196835E-1,0
STARLINK-4563,2022-101AL,2022-08-29T14:00:01.000224,15.77085624,.000332,53.2175,106.2680,1.5167,179.7601,0,U,53561,999,130,-.80997E-2,-.119718E-1,0
STARLINK-4565,2022-101AM,2022-08-29T14:00:01.000224,15.77168967,.0003336,53.2175,106.2634,1.5848,182.2209,0,U,53562,999,130,-.80687E-2,-.1197096E-1,0
STARLINK-4561,2022-101AN,2022-08-29T14:00:01.000224,15.77117437,.0003612,53.2175,106.2660,347.7630,194.5321,0,U,53563,999,130,-.80839E-2,-.1196817E-1,0
STARLINK-4577,2022-101AP,2022-08-29T14:00:01.000224,15.77202613,.0003347,53.2175,106.2614,358.5163,186.2951,0,U,53564,999,130,-.80537E-2,-.1196733E-1,0
STARLINK-4575,2022-101AQ,2022-08-29T14:00:01.000224,15.77153473,.0003421,53.2175,106.2640,355.8065,187.4876,0,U,53565,999,130,-.80758E-2,-.1197346E-1,0
STARLINK-4576,2022-101AR,2022-08-29T14:00:01.000224,15.77236447,.000328,53.2175,106.2594,1.8549,183.9622,0,U,53566,999,130,-.80436E-2,-.1196973E-1,0
STARLINK-4585,2022-101AS,2022-08-29T14:00:01.000224,15.77186466,.0003064,53.2175,106.2620,6.5225,177.7820,0,U,53567,999,130,-.80598E-2,-.1196583E-1,0
STARLINK-4583,2022-101AT,2022-08-29T14:00:01.000224,15.77287695,.000329,53.2175,106.2564,2.6319,184.6867,0,U,53568,999,130,-.80253E-2,-.119701E-1,0
STARLINK-4582,2022-101AU,2022-08-29T14:00:01.000224,15.77218588,.0003337,53.2175,106.2600,359.1467,186.1727,0,U,53569,999,130,-.80485E-2,-.1196804E-1,0
STARLINK-4550,2022-101AV,2022-08-29T14:00:01.000224,15.77269414,.0003298,53.2175,106.2575,0.5722,186.2520,0,U,53570,999,130,-.80308E-2,-.1196869E-1,0
STARLINK-4584,2022-101AW,2022-08-29T14:00:01.000224,15.77253062,.0003313,53.2175,106.2580,0.8658,185.4541,0,U,53571,999,130,-.80371E-2,-.119693E-1,0
STARLINK-4555,2022-101AX,2022-08-29T14:00:01.000224,15.77339098,.0003148,53.2175,106.2535,7.5880,181.2256,0,U,53572,999,130,-.80033E-2,-.119646E-1,0
STARLINK-4547,2022-101AY,2022-08-29T14:00:01.000224,15.77305705,.0003167,53.2175,106.2550,6.7339,181.0797,0,U,53573,999,130,-.80198E-2,-.1197063E-1,0
STARLINK-4559,2022-101AZ,2022-08-29T14:00:01.000224,15.77373594,.0003219,53.2175,106.2516,5.6464,184.1642,0,U,53574,999,130,-.79959E-2,-.1197174E-1,0
STARLINK-4551,2022-101BA,2022-08-29T14:00:01.000224,15.77321847,.0003264,53.2175,106.2540,6.0202,182.2975,0,U,53575,999,130,-.80129E-2,-.1196983E-1,0
STARLINK-4581,2022-101BB,2022-08-29T14:00:01.000224,15.77391152,.000314,53.2175,106.2506,6.5965,183.7093,0,U,53576,999,130,-.79903E-2,-.1197219E-1,0
STARLINK-4553,2022-101BC,2022-08-29T14:00:01.000224,15.77357100,.0003291,53.2175,106.2520,5.6000,183.7094,0,U,53577,999,130,-.80016E-2,-.1197189E-1,0
STARLINK-4556,2022-101BD,2022-08-29T14:00:01.000224,15.77406044,.0003085,53.2175,106.2496,5.4533,185.3595,0,U,53578,999,130,-.79804E-2,-.1196579E-1,0
STARLINK-4580,2022-101BE,2022-08-29T14:00:01.000224,15.77416583,.0003276,53.2175,106.2479,1.3632,189.9847,0,U,53579,999,130,-.79772E-2,-.1196781E-1,0
FALCON 9 DEB,2022-101BF,2022-08-29T11:41:48.190848,16.04442591,.0061168,53.2186,106.0067,79.0704,281.7204,0,U,53580,999,156,.69572E-3,.605916E-2,.18584E-3
FALCON 9 DEB,2022-101BG,2022-08-29T01:09:29.326176,16.04552571,.0057641,53.2162,108.2399,78.9661,281.7848,0,U,53581,999,149,.6617E-3,.564401E-2,.16155E-3
FALCON 9 DEB,2022-101BH,2022-08-29T08:28:28.019712,16.06062525,.0054876,53.2153,106.5759,74.3193,286.3887,0,U,53582,999,154,.57501E-3,.531778E-2,.14694E-3
FALCON 9 DEB,2022-101BJ,2022-08-29T08:28:08.040576,16.06066404,.0055394,53.2163,106.5741,75.9678,284.7506,0,U,53583,999,154,.61284E-3,.569251E-2,.16811E-3
CHUANGXIN 16 (CX-16),2022-102A,2022-08-29T15:34:51.538368,14.91643726,.0004655,28.9993,325.8932,319.1741,40.8506,0,U,53586,999,98,.10074E-3,.1172E-4,0
BEIJING-3B,2022-103A,2022-08-29T11:37:40.075968,14.87444931,.0013592,97.9420,310.1053,246.4744,113.5062,0,U,53587,999,80,.5759E-4,.466E-5,0
